true_phi,p1,p2,n,power,median_hw,p90_hw,feasible,n_sims_used
0.0,0.2,0.2,30,0.3100,0.3113,0.4075,True,100
0.0,0.2,0.2,50,0.2400,0.2522,0.3125,True,100
0.0,0.2,0.2,70,0.3200,0.2190,0.2581,True,100
0.0,0.2,0.2,90,0.5700,0.1924,0.2263,True,100
0.0,0.2,0.2,110,0.8200,0.1737,0.2112,True,100
0.0,0.2,0.2,130,1.0000,0.1597,0.1870,True,100
0.0,0.2,0.2,150,1.0000,0.1523,0.1717,True,100
0.0,0.2,0.2,200,1.0000,0.1334,0.1517,True,100
0.0,0.3,0.3,30,0.0500,0.3314,0.3830,True,100
0.0,0.3,0.3,50,0.0700,0.2607,0.2965,True,100
0.0,0.3,0.3,70,0.2000,0.2227,0.2515,True,100
0.0,0.3,0.3,90,0.5200,0.1991,0.2244,True,100
0.0,0.3,0.3,110,0.8600,0.1745,0.2043,True,100
0.0,0.3,0.3,130,0.9900,0.1628,0.1783,True,100
0.0,0.3,0.3,150,1.0000,0.1520,0.1716,True,100
0.0,0.3,0.3,200,1.0000,0.1342,0.1482,True,100
0.0,0.4,0.4,30,0.0100,0.3407,0.3803,True,100
0.0,0.4,0.4,50,0.0100,0.2629,0.2921,True,100
0.0,0.4,0.4,70,0.0900,0.2269,0.2512,True,100
0.0,0.4,0.4,90,0.4700,0.2014,0.2219,True,100
0.0,0.4,0.4,110,0.9100,0.1793,0.1964,True,100
0.0,0.4,0.4,130,1.0000,0.1643,0.1804,True,100
0.0,0.4,0.4,150,1.0000,0.1547,0.1679,True,100
0.0,0.4,0.4,200,1.0000,0.1338,0.1504,True,100
0.0,0.5,0.5,30,0.0000,0.3354,0.3779,True,100
0.0,0.5,0.5,50,0.0000,0.2651,0.2935,True,100
0.0,0.5,0.5,70,0.0600,0.2237,0.2448,True,100
0.0,0.5,0.5,90,0.6100,0.1962,0.2179,True,100
0.0,0.5,0.5,110,0.8700,0.1799,0.2011,True,100
0.0,0.5,0.5,130,1.0000,0.1626,0.1851,True,100
0.0,0.5,0.5,150,0.9900,0.1550,0.1758,True,100
0.0,0.5,0.5,200,1.0000,0.1313,0.1477,True,100
0.0,0.3,0.5,30,0.0300,0.3323,0.3684,True,100
0.0,0.3,0.5,50,0.0000,0.2694,0.3006,True,100
0.0,0.3,0.5,70,0.2100,0.2225,0.2449,True,100
0.0,0.3,0.5,90,0.5200,0.1991,0.2150,True,100
0.0,0.3,0.5,110,0.9600,0.1766,0.1940,True,100
0.0,0.3,0.5,130,1.0000,0.1611,0.1836,True,100
0.0,0.3,0.5,150,1.0000,0.1523,0.1682,True,100
0.0,0.3,0.5,200,1.0000,0.1310,0.1444,True,100
0.3,0.2,0.2,30,0.0900,0.3633,0.4468,True,100
0.3,0.2,0.2,50,0.0100,0.2953,0.3464,True,100
0.3,0.2,0.2,70,0.0400,0.2563,0.3037,True,100
0.3,0.2,0.2,90,0.1800,0.2239,0.2683,True,100
0.3,0.2,0.2,110,0.4600,0.2042,0.2314,True,100
0.3,0.2,0.2,130,0.8600,0.1859,0.2044,True,100
0.3,0.2,0.2,150,0.8700,0.1741,0.2065,True,100
0.3,0.2,0.2,200,1.0000,0.1510,0.1724,True,100
0.3,0.3,0.3,30,0.0100,0.3398,0.3954,True,100
0.3,0.3,0.3,50,0.0000,0.2704,0.3084,True,100
0.3,0.3,0.3,70,0.1200,0.2329,0.2579,True,100
0.3,0.3,0.3,90,0.4200,0.2031,0.2274,True,100
0.3,0.3,0.3,110,0.8200,0.1826,0.2095,True,100
0.3,0.3,0.3,130,0.9800,0.1690,0.1919,True,100
0.3,0.3,0.3,150,1.0000,0.1577,0.1719,True,100
0.3,0.3,0.3,200,1.0000,0.1344,0.1475,True,100
0.3,0.4,0.4,30,0.0000,0.3273,0.3750,True,100
0.3,0.4,0.4,50,0.0200,0.2576,0.2954,True,100
0.3,0.4,0.4,70,0.2200,0.2156,0.2483,True,100
0.3,0.4,0.4,90,0.6800,0.1883,0.2181,True,100
0.3,0.4,0.4,110,0.9600,0.1735,0.1931,True,100
0.3,0.4,0.4,130,0.9800,0.1583,0.1749,True,100
0.3,0.4,0.4,150,1.0000,0.1475,0.1651,True,100
0.3,0.4,0.4,200,1.0000,0.1300,0.1465,True,100
0.3,0.5,0.5,30,0.0000,0.3230,0.3719,True,100
0.3,0.5,0.5,50,0.0400,0.2511,0.2912,True,100
0.3,0.5,0.5,70,0.2100,0.2155,0.2411,True,100
0.3,0.5,0.5,90,0.8200,0.1852,0.2068,True,100
0.3,0.5,0.5,110,0.9600,0.1678,0.1894,True,100
0.3,0.5,0.5,130,0.9900,0.1555,0.1795,True,100
0.3,0.5,0.5,150,1.0000,0.1426,0.1633,True,100
0.3,0.5,0.5,200,1.0000,0.1281,0.1373,True,100
0.3,0.3,0.5,30,0.0400,0.3162,0.3696,True,100
0.3,0.3,0.5,50,0.1400,0.2491,0.2852,True,100
0.3,0.3,0.5,70,0.3800,0.2065,0.2338,True,100
0.3,0.3,0.5,90,0.8000,0.1817,0.2093,True,100
0.3,0.3,0.5,110,0.9800,0.1653,0.1883,True,100
0.3,0.3,0.5,130,1.0000,0.1517,0.1743,True,100
0.3,0.3,0.5,150,1.0000,0.1431,0.1583,True,100
0.3,0.3,0.5,200,1.0000,0.1222,0.1382,True,100
0.5,0.2,0.2,30,0.0700,0.3497,0.4648,True,100
0.5,0.2,0.2,50,0.0100,0.2796,0.3462,True,100
0.5,0.2,0.2,70,0.1000,0.2456,0.2876,True,100
0.5,0.2,0.2,90,0.3200,0.2141,0.2529,True,100
0.5,0.2,0.2,110,0.6400,0.1894,0.2291,True,100
0.5,0.2,0.2,130,0.8400,0.1740,0.2066,True,100
0.5,0.2,0.2,150,0.9700,0.1664,0.1851,True,100
0.5,0.2,0.2,200,1.0000,0.1410,0.1605,True,100
0.5,0.3,0.3,30,0.0100,0.3181,0.3808,True,100
0.5,0.3,0.3,50,0.1100,0.2420,0.2897,True,100
0.5,0.3,0.3,70,0.2900,0.2157,0.2476,True,100
0.5,0.3,0.3,90,0.7600,0.1812,0.2129,True,100
0.5,0.3,0.3,110,0.9400,0.1688,0.1929,True,100
0.5,0.3,0.3,130,1.0000,0.1540,0.1713,True,100
0.5,0.3,0.3,150,1.0000,0.1440,0.1620,True,100
0.5,0.3,0.3,200,1.0000,0.1244,0.1386,True,100
0.5,0.4,0.4,30,0.0400,0.2972,0.3714,True,100
0.5,0.4,0.4,50,0.1500,0.2273,0.2723,True,100
0.5,0.4,0.4,70,0.5700,0.1950,0.2289,True,100
0.5,0.4,0.4,90,0.8800,0.1726,0.2029,True,100
0.5,0.4,0.4,110,0.9900,0.1579,0.1815,True,100
0.5,0.4,0.4,130,1.0000,0.1438,0.1608,True,100
0.5,0.4,0.4,150,1.0000,0.1351,0.1542,True,100
0.5,0.4,0.4,200,1.0000,0.1163,0.1318,True,100
0.5,0.5,0.5,30,0.0400,0.2981,0.3444,True,100
0.5,0.5,0.5,50,0.1700,0.2248,0.2617,True,100
0.5,0.5,0.5,70,0.5800,0.1961,0.2359,True,100
0.5,0.5,0.5,90,0.9000,0.1770,0.1998,True,100
0.5,0.5,0.5,110,1.0000,0.1520,0.1757,True,100
0.5,0.5,0.5,130,1.0000,0.1401,0.1596,True,100
0.5,0.5,0.5,150,1.0000,0.1298,0.1475,True,100
0.5,0.5,0.5,200,1.0000,0.1161,0.1323,True,100
0.5,0.3,0.5,30,0.1800,0.2585,0.3324,True,100
0.5,0.3,0.5,50,0.4900,0.2012,0.2391,True,100
0.5,0.3,0.5,70,0.8600,0.1689,0.2075,True,100
0.5,0.3,0.5,90,0.9900,0.1516,0.1792,True,100
0.5,0.3,0.5,110,0.9900,0.1373,0.1578,True,100
0.5,0.3,0.5,130,1.0000,0.1282,0.1486,True,100
0.5,0.3,0.5,150,1.0000,0.1194,0.1399,True,100
0.5,0.3,0.5,200,1.0000,0.1014,0.1180,True,100
0.8,0.2,0.2,30,0.3700,0.2215,0.3980,True,100
0.8,0.2,0.2,50,0.6700,0.1815,0.2729,True,100
0.8,0.2,0.2,70,0.6800,0.1708,0.2372,True,100
0.8,0.2,0.2,90,0.9200,0.1486,0.1985,True,100
0.8,0.2,0.2,110,1.0000,0.1351,0.1595,True,100
0.8,0.2,0.2,130,1.0000,0.1194,0.1573,True,100
0.8,0.2,0.2,150,1.0000,0.1143,0.1370,True,100
0.8,0.2,0.2,200,1.0000,0.0991,0.1188,True,100
0.8,0.3,0.3,30,0.4900,0.2007,0.3144,True,100
0.8,0.3,0.3,50,0.8000,0.1622,0.2233,True,100
0.8,0.3,0.3,70,0.9300,0.1499,0.1946,True,100
0.8,0.3,0.3,90,0.9900,0.1263,0.1679,True,100
0.8,0.3,0.3,110,1.0000,0.1131,0.1423,True,100
0.8,0.3,0.3,130,1.0000,0.1034,0.1296,True,100
0.8,0.3,0.3,150,1.0000,0.0972,0.1225,True,100
0.8,0.3,0.3,200,1.0000,0.0851,0.1028,True,100
0.8,0.4,0.4,30,0.5300,0.1862,0.2654,True,100
0.8,0.4,0.4,50,0.9000,0.1502,0.1993,True,100
0.8,0.4,0.4,70,0.9800,0.1306,0.1721,True,100
0.8,0.4,0.4,90,1.0000,0.1209,0.1531,True,100
0.8,0.4,0.4,110,1.0000,0.1085,0.1291,True,100
0.8,0.4,0.4,130,1.0000,0.0982,0.1151,True,100
0.8,0.4,0.4,150,1.0000,0.0926,0.1141,True,100
0.8,0.4,0.4,200,1.0000,0.0805,0.0934,True,100
0.8,0.5,0.5,30,0.5300,0.1953,0.2756,True,100
0.8,0.5,0.5,50,0.9300,0.1490,0.1978,True,100
0.8,0.5,0.5,70,1.0000,0.1288,0.1673,True,100
0.8,0.5,0.5,90,1.0000,0.1172,0.1407,True,100
0.8,0.5,0.5,110,1.0000,0.1070,0.1259,True,100
0.8,0.5,0.5,130,1.0000,0.0951,0.1135,True,100
0.8,0.5,0.5,150,1.0000,0.0889,0.1039,True,100
0.8,0.5,0.5,200,1.0000,0.0793,0.0903,True,100
0.8,0.3,0.5,30,0.0000,nan,nan,False,0
0.8,0.3,0.5,50,0.0000,nan,nan,False,0
0.8,0.3,0.5,70,0.0000,nan,nan,False,0
0.8,0.3,0.5,90,0.0000,nan,nan,False,0
0.8,0.3,0.5,110,0.0000,nan,nan,False,0
0.8,0.3,0.5,130,0.0000,nan,nan,False,0
0.8,0.3,0.5,150,0.0000,nan,nan,False,0
0.8,0.3,0.5,200,0.0000,nan,nan,False,0
